Number,Sim_Name
1,THC_0021/R01
2,BAM_0050/R01
3,BAM_0057/R01
4,THC_0026/R01
5,THC_0019/R06
6,BAM_0068/R01
7,BAM_0061/R01
8,THC_0010/R01
9,BAM_0095/R01
10,BAM_0092/R01
11,THC_0017/R01
12,BAM_0066/R01
13,BAM_0059/R01
14,THC_0028/R01
15,THC_0088/R01
16,BAM_0032/R01
17,THC_0043/R01
18,THC_0044/R01
19,BAM_0035/R01
20,BAM_0003/R01
21,THC_0081/R01
22,BAM_0004/R01
23,THC_0075/R01
24,BAM_0067/R01
25,THC_0016/R01
26,BAM_0093/R01
27,THC_0029/R01
28,BAM_0058/R01
29,BAM_0094/R01
30,THC_0011/R01
31,BAM_0060/R01
32,THC_0027/R01
33,BAM_0056/R01
34,BAM_0069/R01
35,THC_0018/R01
36,BAM_0051/R01
37,THC_0020/R01
38,BAM_0005/R01
39,THC_0080/R01
40,THC_0087/R01
41,BAM_0002/R01
42,THC_0073/R01
43,BAM_0034/R01
44,THC_0089/R01
45,THC_0042/R01
46,BAM_0033/R01
47,THC_0101/R01
48,THC_0106/R01
49,BAM_0123/R06
50,BAM_0124/R01
51,THC_0107/R01
52,THC_0100/R01
53,BAM_0140/R01
54,BAM_0125/R01
55,BAM_0122/R01
56,BAM_0100/R14
57,BAM_0107/R01
58,BAM_0138/R01
59,BAM_0109/R01
60,BAM_0108/R01
61,BAM_0130/R01
62,BAM_0106/R01
63,BAM_0139/R01
64,BAM_0101/R01
65,BAM_0011/R01
66,THC_0060/R01
67,THC_0094/R01
68,THC_0093/R01
69,THC_0067/R01
70,BAM_0016/R01
71,BAM_0029/R01
72,THC_0058/R01
73,BAM_0020/R01
74,BAM_0027/R01
75,THC_0056/R01
76,BAM_0018/R01
77,THC_0002/R01
78,BAM_0073/R01
79,BAM_0087/R06
80,BAM_0080/R01
81,THC_0005/R01
82,BAM_0089/R01
83,BAM_0042/R01
84,THC_0033/R01
85,THC_0034/R01
86,BAM_0045/R01
87,THC_0057/R01
88,BAM_0026/R01
89,BAM_0019/R01
90,THC_0068/R01
91,BAM_0021/R01
92,THC_0050/R01
93,BAM_0017/R01
94,THC_0066/R01
95,THC_0092/R01
96,THC_0059/R01
97,BAM_0028/R01
98,THC_0095/R01
99,THC_0061/R01
100,BAM_0010/R01
101,BAM_0044/R01
102,THC_0035/R01
103,BAM_0088/R01
104,THC_0032/R01
105,BAM_0043/R01
106,THC_0004/R01
107,BAM_0081/R01
108,BAM_0072/R01
109,THC_0003/R01
110,BAM_0009/R01
111,BAM_0036/R01
112,THC_0040/R01
113,BAM_0031/R01
114,BAM_0038/R01
115,THC_0049/R01
116,THC_0082/R01
117,BAM_0007/R01
118,THC_0025/R01
119,BAM_0054/R01
120,BAM_0053/R01
121,THC_0022/R01
122,BAM_0098/R01
123,BAM_0091/R01
124,BAM_0065/R08
125,THC_0014/R01
126,THC_0013/R01
127,BAM_0062/R01
128,BAM_0096/R01
129,BAM_0001/R01
130,BAM_0039/R01
131,BAM_0006/R01
132,THC_0077/R01
133,THC_0083/R01
134,BAM_0030/R01
135,THC_0041/R01
136,BAM_0008/R01
137,THC_0079/R01
138,THC_0046/R01
139,BAM_0037/R01
140,BAM_0063/R01
141,THC_0012/R01
142,THC_0015/R01
143,BAM_0064/R01
144,BAM_0090/R01
145,THC_0023/R01
146,BAM_0052/R01
147,BAM_0099/R01
148,BAM_0055/R01
149,THC_0024/R01
150,BAM_0127/R01
151,BAM_0120/R01
152,BAM_0111/R01
153,THC_0105/R01
154,THC_0102/R01
155,BAM_0110/R01
156,BAM_0128/R01
157,BAM_0121/R01
158,BAM_0126/R01
159,THC_0103/R01
160,THC_0104/R01
161,BAM_0104/R01
162,BAM_0103/R01
163,BAM_0135/R01
164,BAM_0132/R08
165,BAM_0133/R01
166,BAM_0134/R01
167,BAM_0102/R01
168,BAM_0105/R01
169,BAM_0048/R01
170,BAM_0083/R01
171,THC_0006/R01
172,BAM_0070/R01
173,THC_0001/R01
174,BAM_0084/R01
175,THC_0008/R01
176,BAM_0046/R01
177,THC_0037/R01
178,THC_0030/R01
179,BAM_0041/R01
180,THC_0090/R01
181,BAM_0015/R01
182,THC_0064/R01
183,THC_0063/R01
184,BAM_0012/R01
185,THC_0097/R01
186,THC_0055/R01
187,BAM_0024/R01
188,BAM_0023/R01
189,THC_0052/R01
190,THC_0099/R01
191,BAM_0040/R01
192,THC_0031/R01
193,THC_0009/R01
194,THC_0036/R01
195,BAM_0047/R01
196,BAM_0085/R01
197,BAM_0071/R01
198,THC_0038/R01
199,BAM_0049/R01
200,BAM_0076/R01
201,THC_0007/R01
202,BAM_0082/R01
203,THC_0053/R01
204,BAM_0022/R01
205,THC_0098/R01
206,BAM_0025/R01
207,THC_0054/R01
208,THC_0096/R01
209,BAM_0013/R01
210,THC_0062/R01
211,THC_0065/R01
212,BAM_0014/R01
213,THC_0091/R01